City_ID,City,Country,Date,Lat,Lng,Max Temp,Humidity,Cloudiness,Wind Speed
0,Punta Arenas,CL,2022-11-29 21:38:22,-53.15,-70.9167,48.31,57,75,26.46
1,Sawtell,AU,2022-11-29 21:38:22,-30.3833,153.1,66.22,77,100,9.22
2,Arraial Do Cabo,BR,2022-11-29 21:35:48,-22.9661,-42.0278,73.36,88,75,17.27
3,Ballybofey,IE,2022-11-29 21:38:23,54.8,-7.7833,42.15,91,100,6.93
4,Tooele,US,2022-11-29 21:38:23,40.5308,-112.2983,30.33,43,0,5.75
5,Port Alfred,ZA,2022-11-29 21:38:23,-33.5906,26.891,70.99,84,65,16.4
6,Georgetown,MY,2022-11-29 21:34:45,5.4112,100.3354,79.23,95,20,3.44
7,Thompson,CA,2022-11-29 21:38:24,55.7435,-97.8558,3.36,78,100,17.27
8,Kodiak,US,2022-11-29 21:38:24,57.79,-152.4072,33.31,40,0,20.71
9,Alofi,NU,2022-11-29 21:38:25,-19.0595,-169.9187,82.29,74,75,11.5
10,Chuy,UY,2022-11-29 21:38:25,-33.6971,-53.4616,69.22,77,6,13.06
11,Provideniya,RU,2022-11-29 21:38:25,64.3833,-173.3,33.91,93,100,15.66
12,Pevek,RU,2022-11-29 21:34:26,69.7008,170.3133,8.13,96,99,5.86
13,Mayumba,GA,2022-11-29 21:38:26,-3.432,10.6554,76.42,87,93,1.5
14,Rikitea,PF,2022-11-29 21:38:26,-23.1203,-134.9692,72.34,74,88,16.75
15,Bundaberg,AU,2022-11-29 21:38:26,-24.85,152.35,71.22,99,100,1.01
16,Saint George,US,2022-11-29 21:38:27,37.1041,-113.5841,51.26,22,0,5.99
17,Vaini,TO,2022-11-29 21:38:27,-21.2,-175.2,82.56,69,20,13.8
18,Vardo,NO,2022-11-29 21:38:27,70.3705,31.1107,35.58,75,75,19.57
19,Dikson,RU,2022-11-29 21:38:28,73.5069,80.5464,9.45,97,100,7.27
20,Thaton,MM,2022-11-29 21:38:28,16.9206,97.3714,75.94,89,100,2.55
21,Zhigansk,RU,2022-11-29 21:38:29,66.7697,123.3711,-43.44,99,60,4.45
22,Karratha,AU,2022-11-29 21:38:29,-20.7377,116.8463,78.4,64,11,6.53
23,Norman Wells,CA,2022-11-29 21:38:29,65.282,-126.8329,-30.96,68,75,2.3
24,Port Blair,IN,2022-11-29 21:38:30,11.6667,92.75,78.84,89,20,2.3
25,Adolfo Lopez Mateos,MX,2022-11-29 21:38:30,28.4667,-107.3,63.93,21,0,24.45
26,Hualmay,PE,2022-11-29 21:38:30,-11.0964,-77.6139,70.61,75,41,10.0
27,Avarua,CK,2022-11-29 21:38:31,-21.2078,-159.775,80.65,74,20,16.11
28,Mataura,NZ,2022-11-29 21:38:01,-46.1927,168.8643,59.49,62,100,6.78
29,Maragogi,BR,2022-11-29 21:38:31,-9.0122,-35.2225,78.03,79,97,12.26
30,Hofn,IS,2022-11-29 21:38:31,64.2539,-15.2082,44.24,84,100,5.97
31,Novobiryusinskiy,RU,2022-11-29 21:38:32,56.9578,97.7076,-5.06,90,100,8.99
32,Riyadh,SA,2022-11-29 21:38:32,24.6877,46.7219,64.54,31,100,7.58
33,Victoria Point,AU,2022-11-29 21:38:32,-27.5833,153.3,73.81,82,100,10.0
34,Ducheng,CN,2022-11-29 21:38:33,23.2373,111.5317,61.38,91,100,7.14
35,Khatanga,RU,2022-11-29 21:38:33,71.9667,102.5,-9.58,91,74,6.51
36,Mulege,MX,2022-11-29 21:38:33,26.8833,-111.9833,74.89,38,2,7.81
37,Nabire,ID,2022-11-29 21:38:34,-3.3667,135.4833,75.74,92,100,1.68
38,Kang,BW,2022-11-29 21:38:34,-23.6752,22.7876,76.62,38,7,13.44
39,East London,ZA,2022-11-29 21:38:34,-33.0153,27.9116,70.9,81,34,20.4
40,Honiara,SB,2022-11-29 21:38:35,-9.4333,159.95,83.59,74,100,2.98
41,Bambous Virieux,MU,2022-11-29 21:38:35,-20.3428,57.7575,73.65,78,20,2.3
42,Tezu,IN,2022-11-29 21:38:35,27.9167,96.1667,63.66,46,7,4.76
43,Bandundu,CD,2022-11-29 21:38:36,-3.3167,17.3667,68.52,98,100,0.6
44,Kapaa,US,2022-11-29 21:38:36,22.0752,-159.319,82.38,81,20,6.91
45,Longyearbyen,SJ,2022-11-29 21:38:36,78.2186,15.6401,40.84,81,75,9.22
46,Barmer,IN,2022-11-29 21:38:37,25.75,71.3833,60.98,23,55,6.24
47,Constitucion,CL,2022-11-29 21:38:37,-35.3333,-72.4167,62.2,71,35,17.45
48,San Simon De La Laguna,MX,2022-11-29 21:38:38,19.3,-100.0833,61.74,65,94,5.66
49,New Norfolk,AU,2022-11-29 21:35:18,-42.7826,147.0587,60.93,63,74,9.8
50,Hermanus,ZA,2022-11-29 21:39:38,-34.4187,19.2345,60.8,89,15,4.68
51,Hamilton,US,2022-11-29 21:36:58,39.1834,-84.5333,60.76,66,0,18.41
52,Mount Gambier,AU,2022-11-29 21:39:38,-37.8333,140.7667,58.23,65,77,5.23
53,Kurikka,FI,2022-11-29 21:39:39,62.6167,22.4167,31.08,97,100,4.65
54,Bandarbeyla,SO,2022-11-29 21:39:39,9.4942,50.8122,77.2,70,6,17.11
55,Bathsheba,BB,2022-11-29 21:39:39,13.2167,-59.5167,79.41,78,20,13.8
56,Luis Correia,BR,2022-11-29 21:39:40,-2.8792,-41.6669,82.4,78,75,6.91
57,Upernavik,GL,2022-11-29 21:39:40,72.7868,-56.1549,4.42,94,100,14.47
58,Cidreira,BR,2022-11-29 21:39:40,-30.1811,-50.2056,70.95,87,28,15.32
59,Sao Felix Do Xingu,BR,2022-11-29 21:39:41,-6.6447,-51.995,71.8,99,100,0.63
60,Mar Del Plata,AR,2022-11-29 21:36:35,-38.0023,-57.5575,71.62,93,75,20.71
61,Elko,US,2022-11-29 21:36:21,41.0002,-115.5012,29.23,60,20,8.99
62,Portland,US,2022-11-29 21:38:00,45.5234,-122.6762,42.08,94,100,15.01
63,Bluff,NZ,2022-11-29 21:39:41,-46.6,168.3333,59.81,71,100,9.51
64,Vao,NC,2022-11-29 21:39:42,-22.6667,167.4833,78.33,87,58,10.63
65,Port Townsend,US,2022-11-29 21:39:42,48.117,-122.7605,37.89,82,100,15.01
66,Laguna,US,2022-11-29 21:39:43,38.421,-121.4238,60.89,38,0,4.61
67,Makakilo City,US,2022-11-29 21:39:43,21.3469,-158.0858,85.75,57,0,8.05
68,Suez,EG,2022-11-29 21:39:43,29.9737,32.5263,61.36,52,0,2.46
69,Lima,PE,2022-11-29 21:36:05,-12.0432,-77.0282,70.05,68,100,8.05
70,Kupang,ID,2022-11-29 21:39:44,-10.1667,123.5833,73.98,100,40,1.14
71,Yellowknife,CA,2022-11-29 21:39:44,62.456,-114.3525,-19.68,76,40,6.91
72,Xuddur,SO,2022-11-29 21:39:44,4.1213,43.8894,72.82,72,15,13.2
73,Pocone,BR,2022-11-29 21:39:45,-16.2567,-56.6228,91.42,27,61,7.63
74,Bendigo,AU,2022-11-29 21:39:45,-36.7667,144.2833,57.63,66,10,3.0
75,Codrington,AU,2022-11-29 21:39:45,-38.2667,141.9667,58.05,73,79,5.01
76,Busselton,AU,2022-11-29 21:36:48,-33.65,115.3333,70.59,47,83,15.46
77,Malumfashi,NG,2022-11-29 21:39:46,11.7853,7.6218,66.63,30,45,9.4
78,Saint-Philippe,RE,2022-11-29 21:39:46,-21.3585,55.7679,72.99,77,94,2.51
79,Tasiilaq,GL,2022-11-29 21:39:46,65.6145,-37.6368,37.56,92,100,38.48
80,Kayerkan,RU,2022-11-29 21:39:47,69.3497,87.7602,-9.87,99,94,4.97
81,Kavaratti,IN,2022-11-29 21:39:47,10.5669,72.642,81.18,71,65,1.16
82,Moose Jaw,CA,2022-11-29 21:39:47,50.4001,-105.5344,12.47,79,100,24.16
83,Sisimiut,GL,2022-11-29 21:39:48,66.9395,-53.6735,18.3,89,90,13.91
84,Chokurdakh,RU,2022-11-29 21:39:48,70.6333,147.9167,-11.31,98,100,8.75
85,Staphorst,NL,2022-11-29 21:39:48,52.645,6.2111,45.19,93,100,6.85
86,Fuling,CN,2022-11-29 21:39:49,29.7022,107.3919,53.42,76,100,4.43
87,Coquimbo,CL,2022-11-29 21:39:49,-29.9533,-71.3436,64.13,77,75,9.22
88,Maneadero,MX,2022-11-29 21:39:49,31.7167,-116.5667,61.11,71,13,4.0
89,Ushuaia,AR,2022-11-29 21:39:50,-54.8,-68.3,47.86,66,75,20.71
90,Carutapera,BR,2022-11-29 21:39:50,-1.195,-46.02,77.85,83,100,5.19
91,Rosarito,MX,2022-11-29 21:39:50,32.3333,-117.0333,63.63,63,71,7.54
92,Khanpur,PK,2022-11-29 21:39:51,28.6453,70.6567,61.2,24,0,2.8
93,Esperance,AU,2022-11-29 21:39:51,-33.8667,121.9,64.15,64,23,13.96
94,Hobart,AU,2022-11-29 21:37:31,-42.8794,147.3294,61.27,61,20,14.97
95,Bayburt,TR,2022-11-29 21:40:52,40.2589,40.2278,39.42,63,100,3.13
96,Careiro Da Varzea,BR,2022-11-29 21:40:52,-3.2003,-59.8119,86.63,71,100,3.04
97,Naron,ES,2022-11-29 21:40:53,43.5167,-8.1528,56.25,85,99,7.9
98,Albany,US,2022-11-29 21:38:41,42.6001,-73.9662,37.17,68,96,3.09
99,Kaitangata,NZ,2022-11-29 21:40:53,-46.2817,169.8464,54.82,93,100,7.78
100,Bilma,NE,2022-11-29 21:40:54,18.6853,12.9164,64.13,38,51,6.6
101,Cherskiy,RU,2022-11-29 21:40:54,68.75,161.3,-9.76,95,100,8.66
102,Puerto Ayora,EC,2022-11-29 21:38:02,-0.7393,-90.3518,78.76,86,55,5.99
103,Qaanaaq,GL,2022-11-29 21:40:54,77.484,-69.3632,-16.62,81,15,5.61
104,Brae,GB,2022-11-29 21:40:55,60.3964,-1.353,46.2,84,38,8.99
105,Kosh-Agach,RU,2022-11-29 21:40:55,50.0,88.6667,-14.6,72,12,3.02
106,Jiuquan,CN,2022-11-29 21:40:55,39.7432,98.5174,6.62,70,100,3.27
107,Juneau,US,2022-11-29 21:40:37,58.3019,-134.4197,19.4,100,75,10.36
108,Fare,PF,2022-11-29 21:40:56,-16.7,-151.0167,79.2,76,10,11.25
109,Holoby,UA,2022-11-29 21:40:56,51.0865,25.0077,33.06,99,100,5.77
110,Luangwa,ZM,2022-11-29 21:40:56,-15.6167,30.4167,69.58,91,18,3.09
111,Airai,TL,2022-11-29 21:40:57,-8.9266,125.4092,61.11,89,93,1.23
112,Fengxian,CN,2022-11-29 21:40:57,34.7039,116.5872,22.12,29,94,6.91
113,Lewisburg,US,2022-11-29 21:40:58,35.4492,-86.7889,58.08,96,75,0.0
114,San Policarpo,PH,2022-11-29 21:40:58,12.1791,125.5072,81.81,76,20,13.76
115,Conceicao Do Araguaia,BR,2022-11-29 21:40:58,-8.2578,-49.2647,71.06,98,100,4.99
116,Nieuw Amsterdam,SR,2022-11-29 21:40:59,5.8833,-55.0833,82.42,74,40,6.91
117,Tiksi,RU,2022-11-29 21:40:59,71.6872,128.8694,-29.97,100,58,2.46
118,Araouane,ML,2022-11-29 21:41:00,18.9048,-3.5265,70.65,16,100,9.37
119,Lasa,IT,2022-11-29 21:41:00,46.6166,10.7002,40.08,94,94,3.78
120,Jamestown,US,2022-11-29 21:38:59,42.097,-79.2353,46.02,81,75,11.5
121,Barrow,US,2022-11-29 21:38:21,71.2906,-156.7887,1.42,71,0,17.27
122,Quatre Cocos,MU,2022-11-29 21:41:00,-20.2078,57.7625,73.51,77,48,9.6
123,Katangli,RU,2022-11-29 21:41:01,51.7102,143.2326,14.47,89,100,23.62
124,Nagai,JP,2022-11-29 21:41:01,38.1036,140.035,51.6,89,100,6.69
125,Tainan,TW,2022-11-29 21:41:02,22.9908,120.2133,78.87,83,75,8.05
126,Camacha,PT,2022-11-29 21:41:02,33.0833,-16.3333,62.02,59,75,6.91
127,Hasaki,JP,2022-11-29 21:41:02,35.7333,140.8333,61.29,78,94,9.55
128,Petropavlovsk-Kamchatskiy,RU,2022-11-29 21:41:03,53.0452,158.6483,16.39,93,100,8.95
129,Lata,PT,2022-11-29 21:41:03,40.1629,-8.3327,46.08,93,71,2.06
130,Verkhnyaya Inta,RU,2022-11-29 21:41:03,65.9811,60.3094,10.96,96,100,3.33
131,Luderitz,NA,2022-11-29 21:41:04,-26.6481,15.1594,61.83,86,21,7.31
132,Lithakia,GR,2022-11-29 21:41:04,37.7167,20.8333,52.97,88,99,14.7
133,Imeni Poliny Osipenko,RU,2022-11-29 21:41:05,52.4201,136.4853,-4.02,91,100,5.21
134,Nikolskoye,RU,2022-11-29 21:41:05,59.7035,30.7861,28.29,94,100,4.74
135,Tautira,PF,2022-11-29 21:41:05,-17.7333,-149.15,78.31,80,26,10.89
136,Pong,TH,2022-11-29 21:41:06,19.1493,100.2752,70.75,98,98,0.87
137,Cabo San Lucas,MX,2022-11-29 21:36:48,22.8909,-109.9124,82.62,61,0,4.61
138,Victoria,HK,2022-11-29 21:38:31,22.2855,114.1577,76.17,91,1,3.0
139,Butaritari,KI,2022-11-29 21:41:07,3.0707,172.7902,80.85,76,47,9.89
140,Hilo,US,2022-11-29 21:38:24,19.7297,-155.09,82.13,77,40,9.22
141,Bodden Town,KY,2022-11-29 21:42:07,19.2833,-81.25,87.01,70,40,12.66
142,Mount Holly,US,2022-11-29 21:42:07,35.2982,-81.0159,64.92,46,20,10.36
143,Bauta,CU,2022-11-29 21:42:08,22.9828,-82.5464,84.09,65,40,14.97
144,Umm Lajj,SA,2022-11-29 21:42:08,25.0213,37.2685,75.31,59,30,5.79
145,Carnarvon,AU,2022-11-29 21:42:08,-24.8667,113.6333,69.96,85,0,9.73
146,Moche,PE,2022-11-29 21:42:09,-8.1711,-79.0092,69.98,83,75,9.22
147,Aitape,PG,2022-11-29 21:42:09,-3.1374,142.3475,79.2,87,96,3.0
148,Kahului,US,2022-11-29 21:42:10,20.8947,-156.47,81.97,78,90,4.61
149,Sistranda,NO,2022-11-29 21:42:10,63.7256,8.834,40.96,68,100,8.16
150,Manokwari,ID,2022-11-29 21:42:10,-0.8667,134.0833,79.03,83,100,7.16
151,Saint Anthony,US,2022-11-29 21:42:11,45.0205,-93.218,24.4,90,100,18.41
152,Dindori,IN,2022-11-29 21:42:11,22.95,81.0833,55.33,57,5,3.22
153,Jalu,LY,2022-11-29 21:42:11,29.0331,21.5482,59.77,50,0,7.54
154,Hovd,MN,2022-11-29 21:42:12,48.0056,91.6419,-7.47,71,0,2.98
155,Wucheng,CN,2022-11-29 21:42:12,29.6008,118.175,36.55,93,100,7.4
156,Fort Nelson,CA,2022-11-29 21:42:13,58.8053,-122.7002,-11.61,70,100,4.61
157,Isangel,VU,2022-11-29 21:37:51,-19.55,169.2667,86.11,84,40,4.61
158,Saldanha,ZA,2022-11-29 21:42:13,-33.0117,17.9442,64.45,96,4,2.13
159,Key West,US,2022-11-29 21:42:13,24.5557,-81.7826,89.6,70,0,17.27
160,Bethel,US,2022-11-29 21:42:14,41.3712,-73.414,40.55,67,0,3.44
161,Banikoara,BJ,2022-11-29 21:42:14,11.2985,2.4386,75.67,23,42,3.67
162,Erzurum,TR,2022-11-29 21:42:14,40.0,41.5,35.28,63,100,5.73
163,Oak Ridge,US,2022-11-29 21:40:01,36.0104,-84.2696,66.15,57,0,0.0
164,Qaqortoq,GL,2022-11-29 21:42:15,60.7167,-46.0333,27.19,90,100,3.18
165,Labuhan,ID,2022-11-29 21:42:15,-6.8844,112.2051,77.27,85,100,10.69
166,Kruisfontein,ZA,2022-11-29 21:38:14,-34.0033,24.7314,67.89,68,11,6.98
167,Samarai,PG,2022-11-29 21:42:16,-10.6167,150.6667,82.54,75,97,5.7
168,Sangmelima,CM,2022-11-29 21:42:16,2.9333,11.9833,69.21,92,100,2.84
169,Mackenzie,CA,2022-11-29 21:42:16,55.2999,-123.1698,3.42,47,100,20.71
170,Guerrero Negro,MX,2022-11-29 21:42:17,27.9769,-114.0611,65.19,55,1,15.43
171,Labrea,BR,2022-11-29 21:42:17,-7.2586,-64.7981,83.28,68,94,2.26
172,Znamenskoye,RU,2022-11-29 21:42:17,57.1281,73.8282,-11.47,96,8,3.62
173,Floro,NO,2022-11-29 21:42:18,61.5996,5.0328,44.96,65,100,13.8
174,Manjacaze,MZ,2022-11-29 21:42:18,-24.7117,33.8828,65.07,73,0,4.27
175,Kavieng,PG,2022-11-29 21:42:18,-2.5744,150.7967,83.52,64,98,2.98
176,Saskylakh,RU,2022-11-29 21:42:19,71.9167,114.0833,-31.05,100,90,6.13
177,Saint Pete Beach,US,2022-11-29 21:42:19,27.7253,-82.7412,82.45,52,9,3.0
178,Mehamn,NO,2022-11-29 21:42:19,71.0357,27.8492,35.55,93,75,13.8
179,Dahegam,IN,2022-11-29 21:42:20,23.1667,72.8167,67.77,40,100,8.57
180,Nicoya,CR,2022-11-29 21:42:20,10.1483,-85.452,79.25,83,87,2.44
181,Comodoro Rivadavia,AR,2022-11-29 21:42:21,-45.8667,-67.5,57.06,51,0,13.8
182,Bredasdorp,ZA,2022-11-29 21:37:59,-34.5322,20.0403,64.89,77,6,4.74
183,Mbini,GQ,2022-11-29 21:42:21,1.574,9.6134,78.46,83,94,4.47
184,Hithadhoo,MV,2022-11-29 21:42:22,-0.6,73.0833,81.18,74,99,7.78
185,Homer,US,2022-11-29 21:42:22,59.6425,-151.5483,24.67,51,0,5.75
186,Cape Town,ZA,2022-11-29 21:40:41,-33.9258,18.4232,64.11,87,20,5.75
187,Saint-Pierre,RE,2022-11-29 21:42:23,-21.3393,55.4781,75.9,68,0,3.44
188,Ngunguru,NZ,2022-11-29 21:42:23,-35.6167,174.5,71.04,62,71,11.27
189,San Vicente,AR,2022-11-29 21:43:23,-26.6167,-54.1333,70.79,75,50,6.76
190,Amuntai,ID,2022-11-29 21:43:24,-2.4177,115.2494,72.9,98,32,1.23
191,Ozark,US,2022-11-29 21:43:24,37.0209,-93.206,70.21,57,9,16.37
192,Cap-Aux-Meules,CA,2022-11-29 21:43:25,47.3821,-61.8597,28.45,64,100,19.57
193,Savannah Bight,HN,2022-11-29 21:43:25,16.45,-85.85,81.07,77,4,17.94
194,Bairiki,KI,2022-11-29 21:43:25,1.3292,172.9752,82.4,83,40,8.05
195,Kloulklubed,PW,2022-11-29 21:42:39,7.0419,134.2556,79.3,76,82,19.95
196,Atuona,PF,2022-11-29 21:43:26,-9.8,-139.0333,77.74,72,23,15.21
197,Bonfim,BR,2022-11-29 21:43:26,3.0833,-59.95,78.53,81,100,4.25
198,Colares,PT,2022-11-29 21:43:26,38.7992,-9.4469,55.76,70,51,7.0
199,Chulym,RU,2022-11-29 21:43:27,55.0997,80.9572,-7.49,89,100,2.89
200,Ponta Do Sol,PT,2022-11-29 21:43:27,32.6667,-17.1,65.03,72,24,2.44
201,Danielskuil,ZA,2022-11-29 21:43:27,-28.1887,23.5395,70.39,48,54,14.79
202,Piacabucu,BR,2022-11-29 21:43:28,-10.4056,-36.4344,76.55,88,91,16.51
203,Maputo,MZ,2022-11-29 21:43:28,-25.9653,32.5892,71.28,68,40,4.61
204,Sur,OM,2022-11-29 21:43:28,22.5667,59.5289,74.75,56,0,3.47
205,Eureka,US,2022-11-29 21:43:29,40.8021,-124.1637,54.19,59,69,4.0
206,Avera,US,2022-11-29 21:43:29,33.194,-82.5271,69.31,60,1,6.49
207,Dingle,PH,2022-11-29 21:43:29,10.9995,122.6711,75.51,93,30,7.72
208,Benalla,AU,2022-11-29 21:43:30,-36.55,145.9833,62.29,68,20,6.15
209,Ribeira Grande,PT,2022-11-29 21:43:31,38.5167,-28.7,63.0,88,40,6.91
210,Mahebourg,MU,2022-11-29 21:43:31,-20.4081,57.7,73.69,78,20,2.3
211,Porto Belo,BR,2022-11-29 21:43:30,-27.1578,-48.5531,72.9,91,76,16.33
212,Narsaq,GL,2022-11-29 21:43:32,60.9167,-46.05,30.42,88,100,4.47
213,Liepaja,LV,2022-11-29 21:43:32,56.5419,21.0367,31.98,86,100,3.44
214,Irtyshskiy,RU,2022-11-29 21:43:32,58.3333,68.1333,0.75,85,100,7.34
215,Corrales,US,2022-11-29 21:43:33,35.2378,-106.6067,54.64,37,0,24.16
216,Yulara,AU,2022-11-29 21:43:33,-25.2406,130.9889,69.87,32,0,14.05
217,Port Hedland,AU,2022-11-29 21:43:33,-20.3167,118.5667,78.85,89,100,0.0
218,Manta,EC,2022-11-29 21:43:34,-0.95,-80.7333,82.18,57,0,16.11
219,Linqiong,CN,2022-11-29 21:43:34,30.4159,103.4609,46.22,59,100,5.21
220,Porto Novo,BJ,2022-11-29 21:43:34,6.4965,2.6036,82.22,83,94,6.85
221,Henties Bay,NA,2022-11-29 21:43:35,-22.116,14.2845,59.74,84,40,5.82
222,Vestmannaeyjar,IS,2022-11-29 21:43:35,63.4427,-20.2734,45.9,91,100,38.63
223,Mindelo,CV,2022-11-29 21:43:35,16.8901,-24.9804,74.75,69,40,16.11
224,Birjand,IR,2022-11-29 21:43:36,32.8663,59.2211,37.87,41,0,13.8
225,Skelleftea,SE,2022-11-29 21:43:36,64.7507,20.9528,33.01,100,100,3.44
226,Berck,FR,2022-11-29 21:43:36,50.4,1.6,40.26,100,100,9.22
227,Sorland,NO,2022-11-29 21:43:37,67.667,12.6934,40.86,75,100,15.73
228,Le Vauclin,MQ,2022-11-29 21:43:11,14.5452,-60.8388,78.85,78,75,8.05
229,Los Llanos De Aridane,ES,2022-11-29 21:43:37,28.6585,-17.9182,65.95,79,100,10.36
230,Ostrovnoy,RU,2022-11-29 21:43:38,68.0531,39.5131,25.61,93,60,10.96
231,Qeshm,IR,2022-11-29 21:43:38,26.9581,56.2719,75.09,66,47,8.93
232,Vila Velha,BR,2022-11-29 21:44:38,-20.3297,-40.2925,73.35,94,100,9.22
233,Cooma,AU,2022-11-29 21:44:39,-36.2333,149.1333,57.6,61,31,4.47
234,Waipawa,NZ,2022-11-29 21:44:39,-41.4122,175.5153,64.85,58,83,17.65
235,San Jose De Rio Tinto,HN,2022-11-29 21:44:40,14.9333,-85.7,92.77,75,84,4.63
236,Ucluelet,CA,2022-11-29 21:44:40,48.9329,-125.5528,34.09,91,100,3.0
237,Mata De Sao Joao,BR,2022-11-29 21:44:40,-12.5303,-38.2992,78.55,92,91,4.29
238,Kihei,US,2022-11-29 21:39:49,20.785,-156.4656,81.97,82,97,4.61
239,Genhe,CN,2022-11-29 21:44:41,50.7833,121.5167,-23.17,93,99,5.41
240,Joao Pinheiro,BR,2022-11-29 21:44:41,-17.7425,-46.1725,74.28,62,58,3.04
241,San Cristobal,VE,2022-11-29 21:44:41,7.7669,-72.225,69.98,98,100,3.04
242,Shamary,RU,2022-11-29 21:44:42,57.3434,58.2199,7.45,98,98,1.83
243,Whitley Bay,GB,2022-11-29 21:44:26,55.0397,-1.4471,37.81,100,100,2.3
244,Flinders,AU,2022-11-29 21:44:42,-34.5833,150.8552,67.17,72,16,7.0
245,Castro,BR,2022-11-29 21:44:43,-24.7911,-50.0119,59.83,97,86,5.3
246,Bengkulu,ID,2022-11-29 21:44:43,-3.8004,102.2655,75.36,91,100,2.95
247,Waw,SS,2022-11-29 21:44:43,7.7029,27.9953,80.98,40,100,2.95
248,Port-Gentil,GA,2022-11-29 21:44:44,-0.7193,8.7815,76.96,94,20,3.44
249,Vanavara,RU,2022-11-29 21:44:44,60.34,102.2797,-9.63,98,98,6.17
250,Kijang,KR,2022-11-29 21:44:45,35.2442,129.2139,38.93,41,100,8.84
251,Campbell River,CA,2022-11-29 21:43:45,50.0163,-125.2446,31.59,100,100,19.57
252,Cayenne,GF,2022-11-29 21:44:45,4.9333,-52.3333,73.44,94,75,1.14
253,Hay River,CA,2022-11-29 21:44:45,60.8156,-115.7999,-16.62,69,40,11.5
254,Mumford,GH,2022-11-29 21:44:46,5.2618,-0.759,79.59,82,60,7.85
255,Vanimo,PG,2022-11-29 21:44:46,-2.6741,141.3028,78.44,87,100,2.82
256,Lapithos,CY,2022-11-29 21:44:46,35.3375,33.1792,59.29,85,55,13.8
257,Cartagena,CO,2022-11-29 21:44:47,10.3997,-75.5144,80.22,89,75,5.75
258,Boddam,GB,2022-11-29 21:44:47,57.4667,-1.7833,28.78,80,96,14.25
259,San Jeronimo,PE,2022-11-29 21:44:47,-11.9472,-75.2829,55.58,69,52,12.93
260,Nyurba,RU,2022-11-29 21:44:48,63.2842,118.3319,-27.85,99,99,6.24
261,San Quintin,MX,2022-11-29 21:44:48,30.4833,-115.95,62.64,59,0,14.03
262,Hailey,US,2022-11-29 21:44:48,43.5196,-114.3153,25.9,61,0,11.5
263,Fandriana,MG,2022-11-29 21:44:49,-20.2333,47.3833,60.57,91,100,3.13
264,Vostok,RU,2022-11-29 21:44:49,46.4856,135.8833,-3.48,95,100,9.78
265,Paamiut,GL,2022-11-29 21:44:49,61.994,-49.6678,27.79,84,100,8.25
266,Te Anau,NZ,2022-11-29 21:44:50,-45.4167,167.7167,56.8,70,99,1.77
267,Lebu,CL,2022-11-29 21:44:50,-37.6167,-73.65,59.22,89,100,13.94
268,Le Port,RE,2022-11-29 21:44:50,-20.9373,55.2919,76.96,63,74,3.47
269,Sendafa,ET,2022-11-29 21:44:51,9.15,39.0333,54.75,58,1,3.0
270,Vanino,RU,2022-11-29 21:44:51,49.0869,140.2543,4.19,65,8,13.76
271,Mpika,ZM,2022-11-29 21:44:51,-11.8343,31.4529,61.54,94,88,3.24
272,Dunedin,NZ,2022-11-29 21:44:52,-45.8742,170.5036,56.8,85,100,13.0
273,Roma,US,2022-11-29 21:40:19,43.2128,-75.4557,38.88,70,100,6.91
274,Gelnica,SK,2022-11-29 21:44:52,48.8558,20.9371,30.31,81,98,2.57
275,Lorengau,PG,2022-11-29 21:44:52,-2.0226,147.2712,84.43,67,74,5.99
276,Champasak,LA,2022-11-29 21:44:53,14.75,106.0,71.82,94,15,1.48
277,Talnakh,RU,2022-11-29 21:45:53,69.4865,88.3972,-15.34,100,84,6.08
278,Tuatapere,NZ,2022-11-29 21:45:54,-46.1333,167.6833,57.45,72,69,7.05
279,Sayat,TM,2022-11-29 21:45:54,38.7839,63.8803,37.27,61,6,5.26
280,Andijon,UZ,2022-11-29 21:45:54,40.7821,72.3442,43.88,85,99,3.44
281,Pochutla,MX,2022-11-29 21:45:55,15.7432,-96.4661,86.83,59,64,6.22
282,Faanui,PF,2022-11-29 21:45:55,-16.4833,-151.75,79.36,77,18,12.75
283,Road Town,VG,2022-11-29 21:44:12,18.4167,-64.6167,82.49,74,40,8.05
284,Swan Hill,AU,2022-11-29 21:45:56,-35.3378,143.5544,61.41,48,29,8.99
285,Sitka,US,2022-11-29 21:45:56,57.0531,-135.33,26.49,39,20,11.5
286,Clyde River,CA,2022-11-29 21:45:56,70.4692,-68.5914,-23.57,76,0,4.61
287,Banda Aceh,ID,2022-11-29 21:45:57,5.5577,95.3222,77.05,82,100,6.53
288,Egvekinot,RU,2022-11-29 21:45:57,66.3167,-179.1667,25.12,100,100,7.14
289,Kautokeino,NO,2022-11-29 21:45:58,69.0125,23.0412,28.04,91,97,16.06
290,Panjab,AF,2022-11-29 21:45:58,34.388,67.0233,26.29,65,0,3.53
291,Puro,PH,2022-11-29 21:45:59,12.4841,123.3827,79.29,79,19,10.13
292,Shiraz,IR,2022-11-29 21:45:59,29.6036,52.5388,44.04,61,0,0.0
293,Antofagasta,CL,2022-11-29 21:42:33,-23.65,-70.4,65.48,74,41,6.06
294,Palafrugell,ES,2022-11-29 21:46:00,41.9174,3.1631,53.42,44,1,5.99
295,Varzea Grande,BR,2022-11-29 21:43:54,-15.6467,-56.1325,84.07,54,40,9.22
296,Huntingdon,GB,2022-11-29 21:45:22,52.3305,-0.1865,42.19,94,95,4.45
297,Shieli,KZ,2022-11-29 21:46:00,44.1667,66.75,37.62,36,100,5.77
298,Southampton,GB,2022-11-29 21:42:03,50.904,-1.4043,43.38,96,53,1.01
299,Mandalgovi,MN,2022-11-29 21:46:01,45.7625,106.2708,-4.41,58,0,9.48
300,High Level,CA,2022-11-29 21:46:01,58.5169,-117.136,-5.69,71,75,13.8
301,Yinchuan,CN,2022-11-29 21:41:04,38.4681,106.2731,8.15,20,3,4.45
302,Rabaul,PG,2022-11-29 21:46:02,-4.1967,152.1721,83.23,71,100,5.17
303,Khani,GE,2022-11-29 21:46:02,41.9563,42.9566,51.37,63,100,6.17
304,Kenai,US,2022-11-29 21:42:46,60.5544,-151.2583,11.14,84,0,6.91
305,Galesong,ID,2022-11-29 21:46:03,-5.3166,119.3661,75.22,83,98,5.57
306,Quelimane,MZ,2022-11-29 21:46:03,-17.8786,36.8883,73.35,94,40,0.0
307,Lompoc,US,2022-11-29 21:46:04,34.6391,-120.4579,66.02,57,0,8.05
308,Barcelona,ES,2022-11-29 21:46:04,41.3888,2.159,55.54,78,20,3.44
309,Asau,RO,2022-11-29 21:46:04,46.4333,26.4,33.28,95,100,2.35
310,Kieta,PG,2022-11-29 21:44:37,-6.2167,155.6333,82.4,77,96,5.17
311,Tucurui,BR,2022-11-29 21:46:05,-3.7661,-49.6725,81.79,59,95,2.46
312,Broome,US,2022-11-29 21:46:05,42.2506,-75.833,40.69,75,100,9.22
313,Bambanglipuro,ID,2022-11-29 21:46:06,-7.95,110.2833,77.47,84,100,5.77
314,Walvis Bay,NA,2022-11-29 21:46:06,-22.9575,14.5053,63.55,77,59,5.75
315,Leningradskiy,RU,2022-11-29 21:46:06,69.3833,178.4167,22.35,80,100,8.63
316,Evensk,RU,2022-11-29 21:46:07,61.95,159.2333,9.81,96,95,8.7
317,Tuktoyaktuk,CA,2022-11-29 21:44:45,69.4541,-133.0374,1.4,85,100,13.8
318,Gelemso,ET,2022-11-29 21:46:07,8.8167,40.5167,59.07,37,9,3.09
319,Atar,MR,2022-11-29 21:46:08,20.5169,-13.0499,70.54,16,0,8.05
320,Alpinopolis,BR,2022-11-29 21:47:08,-20.8636,-46.3881,61.75,90,96,4.34
321,Iqaluit,CA,2022-11-29 21:47:09,63.7506,-68.5145,-15.07,70,20,17.27
322,Qadirpur Ran,PK,2022-11-29 21:47:09,30.2924,71.6712,55.29,25,0,2.91
323,Statesboro,US,2022-11-29 21:45:44,32.4488,-81.7832,72.93,43,40,5.75
324,Iskele,TR,2022-11-29 21:47:10,39.484,26.9278,51.89,76,20,12.66
325,Aleksandrov Gay,RU,2022-11-29 21:47:10,50.147,48.5704,22.68,48,5,6.82
326,Port Elizabeth,ZA,2022-11-29 21:47:10,-33.918,25.5701,70.32,83,0,10.36
327,Saint-Raphael,HT,2022-11-29 21:47:11,19.4333,-72.2,72.72,82,80,6.82
328,Nanortalik,GL,2022-11-29 21:47:11,60.1432,-45.2371,31.96,87,100,12.3
329,Nouadhibou,MR,2022-11-29 21:47:11,20.931,-17.0347,69.78,46,0,14.97
330,Lufilufi,WS,2022-11-29 21:47:12,-13.8745,-171.5986,85.78,78,99,13.18
331,Port Antonio,JM,2022-11-29 21:47:12,18.18,-76.4612,85.91,73,2,4.56
332,Kurumkan,RU,2022-11-29 21:47:12,54.3,110.3,-17.16,87,17,4.0
333,San Patricio,US,2022-11-29 21:47:13,28.017,-97.5169,88.07,57,65,7.78
334,Tura,IN,2022-11-29 21:47:13,25.5198,90.2201,61.45,87,0,3.47
335,Haines Junction,CA,2022-11-29 21:47:14,60.7522,-137.5108,1.35,55,28,4.61
336,Carnot,CF,2022-11-29 21:47:14,4.9409,15.8665,73.58,48,100,2.37
337,Torbay,CA,2022-11-29 21:47:14,47.6666,-52.7314,31.75,73,75,25.32
338,Port-Cartier,CA,2022-11-29 21:47:15,50.0334,-66.8654,20.88,86,35,6.62
339,Grindavik,IS,2022-11-29 21:47:15,63.8424,-22.4338,46.87,93,100,36.82
340,Tungor,RU,2022-11-29 21:47:15,53.3808,142.9564,21.29,90,100,32.73
341,Cordele,US,2022-11-29 21:47:16,31.9635,-83.7824,73.38,53,100,8.05
342,Vagur,FO,2022-11-29 21:47:16,61.4732,-6.8119,46.47,80,100,10.33
343,Vyazemskiy,RU,2022-11-29 21:47:16,47.5378,134.7525,2.84,84,100,13.91
344,Kermanshah,IR,2022-11-29 21:47:17,34.3142,47.065,47.3,71,0,0.0
345,Ayan,RU,2022-11-29 21:47:17,56.45,138.1667,-10.08,95,100,27.54
346,Scarborough,GB,2022-11-29 21:44:20,54.2797,-0.4044,40.57,92,6,1.01
347,Sabang,ID,2022-11-29 21:47:18,5.8933,95.3214,80.74,77,100,7.31
348,Beruwala,LK,2022-11-29 21:47:18,6.4788,79.9828,77.18,83,93,3.78
349,Ahipara,NZ,2022-11-29 21:47:18,-35.1667,173.1667,69.31,71,15,12.24
350,Ojinaga,MX,2022-11-29 21:47:19,29.5667,-104.4167,80.56,21,0,11.5
351,Auriflama,BR,2022-11-29 21:47:19,-20.6856,-50.5547,67.89,86,85,0.65
352,Ambilobe,MG,2022-11-29 21:47:19,-13.2,49.05,75.88,79,86,2.06
353,Wittingen,DE,2022-11-29 21:47:20,52.7269,10.7361,39.52,100,100,5.61
354,La Seyne-Sur-Mer,FR,2022-11-29 21:47:20,43.0982,5.8847,49.87,64,13,3.91
355,Port Hardy,CA,2022-11-29 21:47:21,50.6996,-127.4199,32.18,93,100,32.21
356,Matinhos,BR,2022-11-29 21:47:21,-25.8175,-48.5428,71.24,92,100,9.33
357,Dakar,SN,2022-11-29 21:45:00,14.6937,-17.4441,75.33,78,55,0.0
358,Sangar,RU,2022-11-29 21:47:21,63.9242,127.4739,-39.66,99,100,1.3
359,Alyangula,AU,2022-11-29 21:47:22,-13.8483,136.4192,81.1,76,100,7.74
360,Yamada,JP,2022-11-29 21:47:22,39.4667,141.95,54.66,88,97,1.48
361,Pilar,BR,2022-11-29 21:47:22,-9.5972,-35.9567,75.13,88,87,9.78
362,Cristalina,BR,2022-11-29 21:47:23,-16.7686,-47.6136,68.45,64,61,1.07
363,Vikhorevka,RU,2022-11-29 21:47:23,56.1201,101.1636,-2.61,92,100,10.63
364,Flin Flon,CA,2022-11-29 21:47:24,54.7682,-101.865,3.04,72,100,17.27
365,Klaksvik,FO,2022-11-29 21:47:24,62.2266,-6.589,41.92,79,100,9.86
366,Passo De Camaragibe,BR,2022-11-29 21:47:24,-9.2368,-35.4901,76.55,91,92,5.3
367,Mikhaylovka,RU,2022-11-29 21:47:25,50.06,43.2379,22.71,52,4,8.46
368,Lgov,RU,2022-11-29 21:44:50,51.6307,35.2775,24.49,72,99,12.21
369,Geraldton,AU,2022-11-29 21:47:32,-28.7667,114.6,70.21,83,100,9.22
370,Salalah,OM,2022-11-29 21:44:51,17.0151,54.0924,77.09,78,40,4.61
371,Kondinskoye,RU,2022-11-29 21:48:26,59.6481,67.41,-4.67,93,80,5.75
372,Sao Filipe,CV,2022-11-29 21:48:26,14.8961,-24.4956,75.83,65,1,7.92
373,Takoradi,GH,2022-11-29 21:48:26,4.8845,-1.7554,79.3,81,77,6.69
374,Acapulco,MX,2022-11-29 21:44:57,16.8634,-99.8901,84.02,70,100,3.44
375,Ushirombo,TZ,2022-11-29 21:48:27,-3.4919,31.9639,65.43,90,100,3.38
376,Rincon,US,2022-11-29 21:48:27,32.296,-81.2354,71.56,67,0,7.18
377,Grand Gaube,MU,2022-11-29 21:43:30,-20.0064,57.6608,73.8,75,29,3.0
378,Beloha,MG,2022-11-29 21:48:28,-25.1667,45.05,71.94,76,100,1.25
379,Gladstone,AU,2022-11-29 21:48:28,-23.85,151.25,71.53,88,40,11.5
380,Cuamba,MZ,2022-11-29 21:48:28,-14.8031,36.5372,69.01,84,100,5.84
381,Lagoa,PT,2022-11-29 21:48:29,39.05,-27.9833,62.13,82,92,11.77
382,Grand-Lahou,CI,2022-11-29 21:48:29,5.1367,-5.0242,78.46,85,99,5.91
383,Caxito,AO,2022-11-29 21:48:29,-8.5785,13.6643,75.63,89,79,2.04
384,Remontnoye,RU,2022-11-29 21:48:30,46.5614,43.6501,26.69,41,9,18.05
385,Port Lincoln,AU,2022-11-29 21:47:02,-34.7333,135.8667,59.27,69,67,7.31
386,Zhigalovo,RU,2022-11-29 21:48:30,54.8097,105.1578,-1.05,92,100,6.58
387,Meulaboh,ID,2022-11-29 21:48:31,4.1363,96.1285,75.43,89,99,4.36
388,South Yuba City,US,2022-11-29 21:48:31,39.1166,-121.6391,59.2,38,0,3.44
389,Calbuco,CL,2022-11-29 21:48:31,-41.768,-73.1273,56.41,65,100,15.93
390,Udachnyy,RU,2022-11-29 21:48:32,66.4167,112.4,-1.55,76,100,14.03
391,Teya,RU,2022-11-29 21:48:32,60.3778,92.6267,-18.06,99,98,2.75
392,Grajau,BR,2022-11-29 21:48:32,-5.8194,-46.1386,71.58,98,100,6.53
393,Baruun-Urt,MN,2022-11-29 21:48:33,46.6806,113.2792,-4.65,72,89,15.9
394,Anadyr,RU,2022-11-29 21:48:33,64.75,177.4833,34.3,80,40,13.42
395,College,US,2022-11-29 21:48:33,64.8569,-147.8028,-3.1,76,40,0.0
396,Aviles,ES,2022-11-29 21:48:34,43.5547,-5.9248,52.99,82,40,4.61
397,Moissala,TD,2022-11-29 21:48:34,8.3404,17.7663,73.99,28,64,5.26
398,Fortuna,US,2022-11-29 21:48:34,40.5982,-124.1573,53.92,62,0,1.01
399,Nelson Bay,AU,2022-11-29 21:48:35,-32.7167,152.15,71.1,58,0,1.99
400,Grants Pass,US,2022-11-29 21:45:49,42.439,-123.3284,47.35,73,0,3.44
401,Nuevitas,CU,2022-11-29 21:48:36,21.5453,-77.2644,79.92,72,65,9.62
402,Boende,CD,2022-11-29 21:48:36,-0.2167,20.8667,69.44,99,89,1.3
403,Undory,RU,2022-11-29 21:48:36,54.6085,48.3928,15.04,95,88,3.89
404,Goderich,CA,2022-11-29 21:48:37,43.7501,-81.7165,44.92,81,100,17.27
405,Srednekolymsk,RU,2022-11-29 21:48:37,67.45,153.6833,-15.39,97,100,11.97
406,Berbera,SO,2022-11-29 21:48:37,10.4396,45.0143,76.46,62,0,0.83
407,Hami,CN,2022-11-29 21:48:38,42.8,93.45,7.97,24,0,2.04
408,Turbat,PK,2022-11-29 21:48:38,26.0023,63.044,69.76,24,0,3.27
409,Cafarnaum,BR,2022-11-29 21:48:38,-11.6936,-41.4683,68.16,92,100,9.44
410,Poum,NC,2022-11-29 21:48:39,-20.2333,164.0167,81.93,79,73,10.18
411,Coihueco,CL,2022-11-29 21:45:36,-36.6167,-71.8333,77.74,31,0,5.75
412,Azuaga,ES,2022-11-29 21:48:39,38.2667,-5.6833,42.78,63,68,2.55
413,Kyritz,DE,2022-11-29 21:49:40,52.9421,12.397,39.81,86,100,5.97
414,Bend,US,2022-11-29 21:49:40,44.0582,-121.3153,35.85,75,0,14.97
415,Misratah,LY,2022-11-29 21:48:30,32.3754,15.0925,62.46,59,100,17.43
416,Nalut,LY,2022-11-29 21:49:41,30.3333,10.85,50.43,59,0,9.13
417,Asind,IN,2022-11-29 21:49:41,25.7333,74.3333,57.61,42,99,0.78
418,Ribas Do Rio Pardo,BR,2022-11-29 21:49:41,-20.4431,-53.7592,75.34,69,62,4.21
419,Gidam,IN,2022-11-29 21:49:42,18.9833,81.4,57.81,73,1,2.59
420,Sioux Lookout,CA,2022-11-29 21:49:42,50.1001,-91.917,21.27,68,100,0.0
421,Camacupa,AO,2022-11-29 21:49:42,-12.0167,17.4833,60.69,97,99,4.81
422,Tocopilla,CL,2022-11-29 21:49:43,-22.092,-70.1979,66.2,71,17,7.34
423,Padang,ID,2022-11-29 21:49:43,-0.9492,100.3543,76.37,87,91,2.64
424,Mogapi,BW,2022-11-29 21:49:43,-22.323,27.8349,67.08,54,2,6.33
425,Pangnirtung,CA,2022-11-29 21:49:28,66.1451,-65.7125,1.4,78,100,0.0
426,Ecoporanga,BR,2022-11-29 21:49:44,-18.3733,-40.8306,71.64,97,85,7.27
427,Yar-Sale,RU,2022-11-29 21:47:05,66.8333,70.8333,-0.54,100,96,1.63
428,Krasnyy Yar,RU,2022-11-29 21:49:45,46.5331,48.3456,21.13,43,0,7.63
429,Gamba,GA,2022-11-29 21:49:45,-2.65,10.0,75.83,87,88,1.68
430,Kaputa,ZM,2022-11-29 21:49:45,-8.4689,29.6619,68.32,86,86,4.12
431,Sorong,ID,2022-11-29 21:49:46,-0.8833,131.25,80.26,79,100,1.81
432,Namatanai,PG,2022-11-29 21:49:46,-3.6667,152.4333,83.62,69,91,3.15
433,Kiama,AU,2022-11-29 21:49:46,-34.6833,150.8667,67.37,72,7,1.01
434,Pinheiro Machado,BR,2022-11-29 21:49:47,-31.5783,-53.3811,73.06,75,0,11.52
435,Pacific Grove,US,2022-11-29 21:49:47,36.6177,-121.9166,60.55,67,0,10.0
436,Arman,RU,2022-11-29 21:49:47,59.7,150.1667,5.02,90,100,18.7
437,Breytovo,RU,2022-11-29 21:49:48,58.2993,37.8617,11.57,93,94,4.9
438,Belyy Yar,RU,2022-11-29 21:49:48,53.6039,91.3903,-12.14,76,32,0.0
439,Rondonopolis,BR,2022-11-29 21:49:48,-16.4708,-54.6356,89.92,26,16,7.9
440,Dengfeng,CN,2022-11-29 21:49:49,34.4553,113.0281,24.13,47,100,4.56
441,Mangai,CD,2022-11-29 21:49:49,-4.05,19.5333,67.08,99,100,1.68
442,Coahuayana,MX,2022-11-29 21:49:49,18.7333,-103.6833,85.14,55,50,5.3
443,Verkhnevilyuysk,RU,2022-11-29 21:49:50,63.4453,120.3167,-31.41,99,98,4.27
444,Ambon,ID,2022-11-29 21:49:50,-3.6954,128.1814,78.94,15,40,4.61
445,San Luis,AR,2022-11-29 21:49:51,-33.295,-66.3356,79.11,43,74,14.67
446,Dwarka,IN,2022-11-29 21:49:51,22.2394,68.9678,75.58,46,2,10.27
447,South Lake Tahoe,US,2022-11-29 21:49:52,38.9332,-119.9844,46.27,41,0,8.05
448,Nanhai,CN,2022-11-29 21:49:52,30.1282,111.7784,38.03,50,100,15.86
449,Sandanski,BG,2022-11-29 21:49:52,41.5667,23.2833,43.72,85,100,3.8
450,Kirovsk,UA,2022-11-29 21:49:53,48.6375,38.6428,26.06,50,75,16.46
451,Cabras,IT,2022-11-29 21:49:53,39.93,8.5314,50.4,82,71,7.56
452,Eyl,SO,2022-11-29 21:49:53,7.9803,49.8164,75.92,75,57,15.12
453,Sihora,IN,2022-11-29 21:49:54,23.4833,80.1167,56.39,57,86,4.5
454,Melfort,CA,2022-11-29 21:49:54,52.8667,-104.6177,10.53,79,100,11.5
455,Katsuura,JP,2022-11-29 21:49:54,35.1333,140.3,67.5,87,82,10.92
456,Chumikan,RU,2022-11-29 21:49:55,54.7183,135.315,-6.48,70,100,19.24
457,Nemuro,JP,2022-11-29 21:49:55,43.3236,145.575,39.49,76,100,19.22
458,Launceston,AU,2022-11-29 21:49:56,-41.45,147.1667,60.62,69,40,14.97
459,Leshukonskoye,RU,2022-11-29 21:49:56,64.8989,45.7622,26.04,97,100,5.79
460,Urengoy,RU,2022-11-29 21:50:56,65.9667,78.3667,-1.05,100,98,5.14
461,Aloleng,PH,2022-11-29 21:50:57,16.1307,119.7824,79.05,80,85,8.72
462,Diffa,NE,2022-11-29 21:50:57,13.3154,12.6113,67.98,22,88,8.14
463,Salta,AR,2022-11-29 21:50:57,-24.7859,-65.4117,68.59,81,75,25.32
464,Santana,BR,2022-11-29 21:50:58,-0.0583,-51.1817,75.38,100,75,6.91
465,Nuuk,GL,2022-11-29 21:48:23,64.1835,-51.7216,29.01,93,75,17.27
466,San Jose,US,2022-11-29 21:49:01,37.3394,-121.895,61.75,41,20,8.99
467,Bull Savanna,JM,2022-11-29 21:50:58,17.8868,-77.5902,78.8,70,6,7.99
468,Port Macquarie,AU,2022-11-29 21:47:16,-31.4333,152.9167,68.9,52,43,7.23
469,Ponta Delgada,PT,2022-11-29 21:50:59,37.7333,-25.6667,65.12,88,75,10.36
470,Moron,AR,2022-11-29 21:50:59,-34.6534,-58.6198,91.29,49,71,10.63
471,Kholtoson,RU,2022-11-29 21:50:59,50.2981,103.3097,-15.39,93,93,3.18
472,Castellaneta,IT,2022-11-29 21:51:00,40.6272,16.9369,53.42,100,75,2.3
473,Maningrida,AU,2022-11-29 21:51:00,-12.0667,134.2667,77.41,83,90,6.15
474,Manthani,IN,2022-11-29 21:51:00,18.65,79.6667,60.03,63,1,2.93
475,Biu,NG,2022-11-29 21:51:01,10.6129,12.1946,67.05,27,38,7.85
476,Lunca,RO,2022-11-29 21:51:01,43.8333,24.7667,38.08,84,100,8.55
477,Masuguru,TZ,2022-11-29 21:51:02,-11.3667,38.4167,75.15,72,42,5.84
478,Ushumun,RU,2022-11-29 21:51:02,52.7833,126.5333,-11.51,83,100,11.45
479,Mazyr,BY,2022-11-29 21:51:03,52.0495,29.2456,29.03,97,100,9.13
480,Santiago Del Estero,AR,2022-11-29 21:51:03,-27.7951,-64.2615,98.53,23,76,3.69
481,Canakkale,TR,2022-11-29 21:51:03,40.0833,26.8333,52.52,92,84,5.03
482,Norden,DE,2022-11-29 21:51:04,53.6,7.2,42.94,97,100,8.59
483,Kuroishi,JP,2022-11-29 21:51:04,40.6389,140.5922,46.58,88,100,7.43
484,Bud,US,2022-11-29 21:51:05,39.447,-86.1758,60.78,75,20,18.97
485,Dire Dawa,ET,2022-11-29 21:51:05,9.5931,41.8661,64.45,44,18,1.5
486,Aspindza,GE,2022-11-29 21:51:06,41.5739,43.2483,41.47,70,100,6.29
487,Aklavik,CA,2022-11-29 21:51:06,68.2191,-135.0107,-16.6,76,75,4.61
488,Loncoche,CL,2022-11-29 21:51:07,-39.3667,-72.6333,65.93,55,79,7.31
489,Galle,LK,2022-11-29 21:51:07,6.0367,80.217,77.14,83,55,3.56
490,Kuah,MY,2022-11-29 21:51:07,6.3265,99.8432,78.78,89,20,1.14
491,Staraya Stanitsa,RU,2022-11-29 21:51:08,48.35,40.2833,27.19,50,56,16.22
492,Kampong Chhnang,KH,2022-11-29 21:51:08,12.1667,104.55,74.89,90,8,2.35
493,Belaya Gora,RU,2022-11-29 21:51:08,68.5333,146.4167,-16.01,99,100,4.03
494,Souillac,MU,2022-11-29 21:51:09,-20.5167,57.5167,73.78,78,20,2.3
495,Shimanovsk,RU,2022-11-29 21:51:09,52.0,127.7,-8.09,91,100,10.54
496,Iquique,CL,2022-11-29 21:51:10,-20.2208,-70.1431,69.84,71,46,2.89
497,Yemelyanovo,RU,2022-11-29 21:51:10,56.1681,92.6767,0.41,65,0,8.95
498,Broken Hill,AU,2022-11-29 21:51:11,-31.95,141.4333,63.7,41,10,13.8
499,Tyup,KG,2022-11-29 21:51:11,42.7276,78.3648,31.8,83,90,1.9
500,Santa Maria,BR,2022-11-29 21:51:11,-29.6842,-53.8069,83.5,48,20,17.27
501,Luena,AO,2022-11-29 21:51:12,-11.7833,19.9167,61.07,98,100,3.78
502,Pokrovsk,UA,2022-11-29 21:51:12,48.282,37.1758,28.94,42,92,17.83
503,Conakry,GN,2022-11-29 21:51:13,9.538,-13.6773,81.16,75,56,7.9
504,Am Timan,TD,2022-11-29 21:51:13,11.0297,20.2827,75.31,23,3,6.85
505,Mattru,SL,2022-11-29 21:52:13,7.6244,-11.8332,74.19,93,18,2.33
506,Bagdarin,RU,2022-11-29 21:52:14,54.4333,113.6,-22.22,86,67,4.47
507,Buraydah,SA,2022-11-29 21:52:14,26.326,43.975,72.05,27,100,10.16
508,Vaitape,PF,2022-11-29 21:52:15,-16.5167,-151.75,79.34,77,19,12.88
509,Alice Springs,AU,2022-11-29 21:52:15,-23.7,133.8833,62.15,55,0,0.0
510,Marzuq,YE,2022-11-29 21:52:15,14.4,46.4667,61.03,55,0,0.74
511,Warrnambool,AU,2022-11-29 21:52:16,-38.3833,142.4833,57.27,74,95,6.44
512,Faya,SA,2022-11-29 21:52:16,18.3851,42.4509,53.71,69,2,1.36
513,Sola,VU,2022-11-29 21:48:07,-13.8833,167.55,84.87,74,75,0.0
514,Tiznit,MA,2022-11-29 21:52:17,29.5833,-9.5,61.79,36,0,3.42
515,Elizabeth City,US,2022-11-29 21:52:17,36.2946,-76.2511,55.42,67,0,9.22
516,Santo Andre,BR,2022-11-29 21:52:18,-23.6639,-46.5383,68.13,100,100,11.5
517,Xining,CN,2022-11-29 21:52:18,36.6167,101.7667,9.21,46,100,2.37
518,Montecristo,CO,2022-11-29 21:52:18,8.2971,-74.4733,77.52,94,91,0.22
519,Igarka,RU,2022-11-29 21:52:19,67.4667,86.5833,-3.24,99,99,5.06
520,Lazaro Cardenas,MX,2022-11-29 21:52:02,17.9583,-102.2,82.49,62,5,7.23
521,Cotonou,BJ,2022-11-29 21:47:23,6.3654,2.4183,82.38,78,20,6.91
522,Le Locle,CH,2022-11-29 21:52:19,47.0595,6.7523,38.43,100,100,8.05
523,Kathu,TH,2022-11-29 21:47:47,7.9178,98.3332,85.69,84,64,6.33
524,El Colomo,MX,2022-11-29 21:52:20,19.05,-104.25,82.62,64,26,5.59
525,Manzanillo,CU,2022-11-29 21:48:55,20.3433,-77.1167,85.66,48,19,12.84
526,Pajapan,MX,2022-11-29 21:52:21,18.25,-94.7,82.29,75,93,4.21
527,Maumere,ID,2022-11-29 21:52:21,-8.6199,122.2111,79.41,80,60,4.16
528,Palmer,US,2022-11-29 21:47:28,42.1584,-72.3287,39.45,65,75,0.0
529,Guaiba,BR,2022-11-29 21:52:22,-30.1139,-51.325,78.94,69,20,25.32
530,Kerva,RU,2022-11-29 21:52:22,55.6117,39.5766,13.62,97,85,3.2
531,Russell,US,2022-11-29 21:52:22,32.3502,-85.1999,71.4,64,40,9.22
532,Chaska,US,2022-11-29 21:52:23,44.7894,-93.6022,24.64,90,100,13.8
533,Itoman,JP,2022-11-29 21:52:23,26.1247,127.6694,73.42,96,75,23.02
534,Weligama,LK,2022-11-29 21:52:23,5.9667,80.4167,75.02,88,57,3.71
535,Estevan,CA,2022-11-29 21:52:24,49.1334,-102.9842,14.34,79,75,24.16
536,Celestun,MX,2022-11-29 21:52:24,20.8667,-90.4,85.98,62,50,8.97
537,Ilulissat,GL,2022-11-29 21:52:25,69.2167,-51.1,8.6,83,19,4.16
538,Ailigandi,PA,2022-11-29 21:52:25,9.2333,-78.0167,78.93,83,99,1.72
539,Bonavista,CA,2022-11-29 21:52:25,48.6499,-53.1147,26.98,73,95,24.52
540,Altamont,US,2022-11-29 21:52:26,42.2068,-121.7372,37.4,60,0,10.36
541,Martapura,ID,2022-11-29 21:52:26,-3.4167,114.85,75.29,94,100,4.61
542,Oum Hadjer,TD,2022-11-29 21:52:26,13.2954,19.6966,74.61,19,4,10.47
543,Pilas,ES,2022-11-29 21:52:27,37.3034,-6.301,54.34,65,76,6.58
544,Ketchikan,US,2022-11-29 21:52:27,55.3422,-131.6461,27.07,36,20,12.66
545,Okha,RU,2022-11-29 21:52:27,53.5739,142.9478,21.94,89,100,36.71
546,Biak,ID,2022-11-29 21:52:28,-0.9131,122.8766,77.02,78,69,3.98
547,Golden,US,2022-11-29 21:49:58,39.7555,-105.2211,26.04,73,75,5.01
548,Taldan,RU,2022-11-29 21:52:28,53.6667,124.8,-15.21,78,100,9.44
549,Catamarca,AR,2022-11-29 21:52:29,-28.4696,-65.7852,87.58,44,100,10.56
550,Rzhev,RU,2022-11-29 21:53:29,56.2624,34.3282,14.16,94,99,5.14
551,Batemans Bay,AU,2022-11-29 21:50:34,-35.7167,150.1833,63.1,59,31,4.85
552,Olafsvik,IS,2022-11-29 21:53:30,64.8945,-23.7142,42.33,89,100,21.36
553,Oriximina,BR,2022-11-29 21:53:30,-1.7656,-55.8661,78.46,80,99,2.1
554,San Juan,AR,2022-11-29 21:50:38,-31.5375,-68.5364,95.67,19,6,9.24
555,Lujan,AR,2022-11-29 21:53:30,-34.5703,-59.105,90.12,40,59,3.0
556,Batagay,RU,2022-11-29 21:53:31,67.6333,134.6333,-28.05,96,100,0.78
557,Priyutnoye,RU,2022-11-29 21:53:31,46.1011,43.5072,28.53,55,19,18.39
558,Forestville,US,2022-11-29 21:48:42,38.8451,-76.875,51.24,67,75,5.75
559,Sao Jose Da Coroa Grande,BR,2022-11-29 21:53:32,-8.8978,-35.1478,78.3,79,96,13.49
560,Bardiyah,LY,2022-11-29 21:53:32,31.7561,25.0865,62.58,67,44,8.93
561,Arona,ES,2022-11-29 21:50:47,28.0996,-16.681,62.13,70,40,11.5
562,Fez,MA,2022-11-29 21:53:33,34.0372,-4.9998,46.65,36,0,4.61
563,Kitimat,CA,2022-11-29 21:53:33,54.0524,-128.6534,23.92,48,97,7.38
564,Marsh Harbour,BS,2022-11-29 21:53:33,26.5412,-77.0636,76.87,72,21,17.56
565,Ancud,CL,2022-11-29 21:53:34,-41.8697,-73.8203,52.81,66,95,6.33
566,Bataipora,BR,2022-11-29 21:53:34,-22.2953,-53.2711,77.45,57,57,5.91
567,Zalantun,CN,2022-11-29 21:53:34,48.0,122.7167,-5.04,63,0,17.38
568,Shaoxing,CN,2022-11-29 21:53:35,30.011,120.5715,40.95,86,100,12.86
569,Talcahuano,CL,2022-11-29 21:53:35,-36.7167,-73.1167,65.88,63,0,16.11
570,Camrose,CA,2022-11-29 21:53:35,53.0168,-112.8353,5.94,67,100,6.73
571,Atambua,ID,2022-11-29 21:53:36,-9.1061,124.8925,74.52,87,97,0.85
572,Karla,EE,2022-11-29 21:53:36,59.3723,24.9275,31.98,90,75,4.61
573,Beitbridge,ZW,2022-11-29 21:53:36,-22.2167,30.0,70.38,61,0,13.8
574,Porto Santo,PT,2022-11-29 21:53:37,33.072,-16.3415,64.78,59,75,4.61
575,Kutum,SD,2022-11-29 21:53:37,14.2,24.6667,69.31,22,17,8.88
576,Kungurtug,RU,2022-11-29 21:53:37,50.5994,97.5228,-18.67,96,99,1.12
577,Great Yarmouth,GB,2022-11-29 21:53:38,52.6083,1.7305,44.85,79,97,3.13
578,Catende,BR,2022-11-29 21:53:38,-8.6667,-35.7167,74.28,88,91,4.81
579,Moussoro,TD,2022-11-29 21:53:38,13.6408,16.4901,71.71,17,55,8.48
